Sample ID	Name	barcode_sample
182	QID-49	GGCTTCGGTA
14	QID-61	GTTCTACGTT
40	QID-73	TATGGAGAAC
187	QID-85	TCTTGCACGG
188	QID-2	ATCGTGTTCT
15	QID-14	CTCCTAATTG
41	QID-26	GACCAGAGCA
17	QID-38	GCTGACTAGC
43	QID-50	GGTACGTGCA
195	QID-62	GTTGAGATTC
196	QID-74	TATGGCTTGT
197	QID-86	TGACTGCTAT
198	QID-3	ATGTCTTACG
18	QID-15	CTGTGGACAC
44	QID-27	GACGCAGTTC
203	QID-39	GCTGGCGTTA
204	QID-51	GGTCAATTGA
209	QID-63	TAACAGGCCG
210	QID-75	TCAAGCAATC
20	QID-87	TGAGGCTGTA
46	QID-8	CCGTCTGAAC
21	QID-20	GAACTTGTTG
47	QID-32	GATACTATGG
213	QID-44	GGATAGGTCT
214	QID-56	GTGCACATAA
22	QID-68	TACGCTGCAG
48	QID-80	TCGCGTGGTA
175	QID-92	TGGAGTCTTG
176	QID-9	CGGTTATCCG
177	QID-21	GAAGCGTGAT
178	QID-33	GCAGTGATCG
179	QID-45	GGCATAGTGG
180	QID-57	GTGTTACTGA
223	QID-69	TACGGCAACG
224	QID-81	TCGTCCGTCA
249	QID-93	TGGTGAATCT
250	QID-10	CTACCTCTCT
215	QID-22	GAAGTACAGT
216	QID-34	GCCAGTCGTT
217	QID-46	GGCGTGTATC
218	QID-58	GTTCATCCGG
287	QID-70	TAGACACCAA
288	QID-82	TCTCGGTTCG
263	QID-94	TGTCCTGTAC
264	QID-11	CTACTCAGAC
265	QID-23	GAATCCTTGA
266	QID-35	GCCATCAGAG
267	QID-47	GGCTCGACTT
268	QID-59	GTTCCGGTGT
25	QID-71	TAGCGCCGAT
51	QID-83	TCTCTCGCCT
26	QID-95	TGTGAAGGCA
52	QID-12	CTAGTGCTTA
251	QID-24	GACAACTGTC
252	QID-36	GCGCTTATGC
253	QID-48	GGCTGCTTAC
254	QID-60	GTTCGCTCTC
334	QID-72	TATATGCCGT
335	QID-84	TCTCTGAAGA
336	QID-96	TGTGATACGT
337	QID-4	CAGTCCAATT
338	QID-16	CTTAGCGGAG
339	QID-28	GAGAGCTACT
340	QID-40	GCTGTAACAA
341	QID-52	GTAAGACAAC
342	QID-79	TCGCATCACG
343	QID-91	TGGAACTCGG
